﻿<?xml version="1.0" encoding="UTF-8"?>
<MUPDefinition xsi:schemaLocation="http://schemas.dell.com/openmanage/cm/2/0/mupdefinition.xsd mupdefinition.xsd" xmlns="http://schemas.dell.com/openmanage/cm/2/0/mupdefinition.xsd"
xmlns:xsi="http://www.w3.org/2001/XMLSchema-instance">
	<packageinformation>
	<name>some random msi</name>
	<version>1.3.0</version>
		<installertype>msi</installertype>
		<packagegrouping>single_package</packagegrouping>
		<packagingtype>zip</packagingtype>
		<releasetype>DRVR</releasetype>
		<mupspecificationversion>2.4.3</mupspecificationversion>
		<supportedoperatingsystems>
			<osidentifier name="Windows10" architecture="x64"></osidentifier>
		</supportedoperatingsystems>
    <content>
      <Device componentID="103954">
		<PnPInfo>
			<PNPID>INT</PNPID>
			<PnPProductID>33FF</PnPProductID>
		</PnPInfo>
        <Image type="DRVR" version="604.10120.2652.361">
          <file>production\Windows10-x64\iagpioe.sys</file>
          <file>production\Windows10-x64\iagpioe.inf</file>
          <file>production\Windows10-x64\iagpioe.cat</file>
        </Image>
       </Device>
     <Device componentID="103954">
		<PnPInfo>
			<ACPIID>8086</ACPIID>
			<PnPProductID>0F41</PnPProductID>
		</PnPInfo>
		<PnPInfo>
			<ACPIID>8086</ACPIID>
			<PnPProductID>0F41</PnPProductID>
		</PnPInfo>
		<PnPInfo>
			<ACPIID>8086</ACPIID>
			<PnPProductID>0F41</PnPProductID>
		</PnPInfo>
		<PnPInfo>
			<ACPIID>8086</ACPIID>
			<PnPProductID>0F41</PnPProductID>
		</PnPInfo>
		<PnPInfo>
			<ACPIID>8086</ACPIID>
			<PnPProductID>0F41</PnPProductID>
		</PnPInfo>
		<PnPInfo>
			<ACPIID>8086</ACPIID>
			<PnPProductID>22C1</PnPProductID>
		</PnPInfo>
        <Image type="DRVR" version="604.10120.2654.367">
          <file>production\Windows10-x64\iai2ce.sys</file>
          <file>production\Windows10-x64\iai2ce.inf</file>
          <file>production\Windows10-x64\iai2ce.cat</file>
        </Image>	
      </Device>
      <Device componentID="103954">
		<PnPInfo>
			<ACPIID>8086</ACPIID>
			<PnPProductID>228A</PnPProductID>
		</PnPInfo>
		<PnPInfo>
			<PNPID>INT</PNPID>
			<PnPProductID>33BC</PnPProductID>
		</PnPInfo>
        <Image type="DRVR" version="604.10120.2653.391">
          <file>production\Windows10-x64\iauarte.sys</file>
          <file>production\Windows10-x64\iauarte.inf</file>
          <file>production\Windows10-x64\iauarte.cat</file>
        </Image>		
      </Device>
    </content>
  </packageinformation>
	<executable architecture="x64" timeout="300">
		<executablename>LPSS_X64_Threshold_Install_152702.EXE</executablename>
	</executable>
	<behaviors>
		<behavior name="extractdrivers">
		  <vendoroption>
			<optionvalue switch="/" requiresvalue="false">C:"CopyFile.exe"</optionvalue>
		  </vendoroption>
		  <vendoroption>
			<optionvalue switch="/" requiresvalue="true" valuedelimiter=":" enclose="&quot;">T</optionvalue>
		  </vendoroption>
		</behavior>
		<behavior name="attended">
		</behavior>
		<behavior name="help">
		  <vendoroption>
			<optionvalue switch="/" requiresvalue="false">?</optionvalue>
		  </vendoroption>
		</behavior>
		<behavior name="unattended">
		  <vendoroption>
			<optionvalue switch="/" requiresvalue="false">C:"dpinst64.exe -q"</optionvalue>
		  </vendoroption>
		</behavior>
		<behavior name="freshinstall">
		  <vendoroption>
			<optionvalue switch="/" requiresvalue="false">C:"dpinst64.exe -f -q -a"</optionvalue>
		  </vendoroption>
		</behavior>		
	</behaviors>
	<parameters>
		<parametermapping name="logfile">
		  <vendoroption>
			<optionvalue switch=" " requiresvalue="false">
			</optionvalue>
		  </vendoroption>
		</parametermapping>
	</parameters>
	<returncodes>
		<returncodemapping name="SUCCESS">
		<vendorreturncode>0</vendorreturncode>
		</returncodemapping>
		<returncodemapping name="ERROR">
			<vendorreturncode>1603</vendorreturncode>
		</returncodemapping>
		<returncodemapping name="REBOOT_REQUIRED">
			<vendorreturncode>3010</vendorreturncode>
		</returncodemapping>
		<returncodemapping name="ERROR_INSTALL_PLATFORM_UNSUPPORTED">
			<vendorreturncode>1633</vendorreturncode>
		</returncodemapping>
		<returncodemapping name="UNKNOWN_OPTION">
			<vendorreturncode>1608</vendorreturncode>
		</returncodemapping>
	</returncodes>
	<inventorymetadata>
		<extractdriversidentifier>
			<pnpids>
				<pnpdevice display="Intel Serial IO GPIO Controller Driver"  componentID="103954">
				  <pnpidstring>
					<PNPID>INT</PNPID>
					<PnPProductID>33FF</PnPProductID>
				  </pnpidstring>
				</pnpdevice>
				<pnpdevice display="Intel Serial IO I2C Controller Driver"  componentID="103954">
				  <pnpidstring>
					<ACPIID>8086</ACPIID>
					<PnPProductID>0F41</PnPProductID>
				  </pnpidstring>
				  <pnpidstring>
					<ACPIID>8086</ACPIID>
					<PnPProductID>22C1</PnPProductID>
				  </pnpidstring>
				</pnpdevice>
				<pnpdevice display="Intel Serial IO UART Controller Driver"  componentID="103954">
				  <pnpidstring>
					<ACPIID>8086</ACPIID>
					<PnPProductID>228A</PnPProductID>
				  </pnpidstring>
				  <pnpidstring>
					<PNPID>INT</PNPID>
					<PnPProductID>33BC</PnPProductID>
				  </pnpidstring>
				</pnpdevice>
				
			</pnpids>
		</extractdriversidentifier>
		<fullpackageidentifier>
			<msis>
				<msi componentID="103954">
					<upgradecode>{22F661DE-52C9-490a-9423-705471708FCD}</upgradecode>
					<version>1.3.0</version>
				</msi>
			</msis>
		</fullpackageidentifier>
	</inventorymetadata>
</MUPDefinition>
